id,timestamp,sender,channel,message,Product,Instrument,Amount,Price,Processing_Time_ms
MSG-0001,2025-01-15T06:13:30Z,Sarah Mitchell @ Meridian Markets,broker-chat,MKT IN USDCAD: 0.7399 / 0.7402,FX,USDCAD,0.7399,,1.0987920000000706
MSG-0002,2025-01-15T06:34:35Z,David Laurent @ Crescent Capital,broker-chat,I HAVE GBPUSD 0.8386 / 0.8391 LIVE,FX,GBPUSD,0.8386,,0.1322499999998339
MSG-0003,2025-01-15T06:37:04Z,Yuki Tanaka @ Pacific Securities,sales-desk,HEARING LARGE SOVEREIGN BUYING IN EURUSD THROUGH ASIAN DESKS OVERNIGHT,,,,,0.009457999999851197
MSG-0004,2025-01-15T06:51:42Z,Mike (Sales),sales-desk,"SAW YOUR EMAIL, WILL RESPOND PROPERLY AFTER LUNCH",,,,,0.008250000000042945
MSG-0005,2025-01-15T06:53:35Z,Tom Richards @ Summit Brokerage,broker-chat,USDJPY 140.6/140.61,FX,USDJPY,140.6,,0.07987500000017356
MSG-0006,2025-01-15T06:54:55Z,Tom Richards @ Summit Brokerage,broker-chat,GM,,,,,2.230750000000059
MSG-0007,2025-01-15T07:17:09Z,Yuki Tanaka @ Pacific Securities,broker-chat,"LARGE SELLER IN META, CAN OFFER AT 285.2 FOR 35K",EQUITY,META,35000.0,285.2,0.058457999999816934
MSG-0008,2025-01-15T07:20:23Z,Tom Richards @ Summit Brokerage,broker-chat,OAT 10Y OFFERED AT 2.757 FOR 25MM,BONDS,OAT,,2.757,0.11516699999991609
MSG-0009,2025-01-15T07:22:35Z,Sarah Mitchell @ Meridian Markets,sales-desk,"TREASURY AUCTION WENT POORLY, TAIL OF 2BP, 10Y SELLING OFF",,,,,0.008167000000058877
MSG-0010,2025-01-15T07:25:24Z,Laura (Risk),sales-desk,"SWAP SPREADS COMPRESSING, SEEING PENSION FUND DURATION EXTENSION",,,,,0.006999999999868223
MSG-0011,2025-01-15T07:26:21Z,Alex Chen @ Apex Capital,broker-chat,"CLIENT NEEDS 20M EURJPY, WHAT CAN YOU DO?",FX,EURJPY,20000000.0,,0.033708999999992884
MSG-0012,2025-01-15T07:27:14Z,Lucas Weber @ Titan Brokers,broker-chat,"LARGE SELLER IN AMZN, CAN OFFER AT 249.85 FOR 36K",EQUITY,AMZN,36000.0,249.85,0.06408299999982603
MSG-0013,2025-01-15T07:33:09Z,Chris (Middle Office),sales-desk,"RISK LIMITS RESET FOR THE NEW MONTH, PLEASE CHECK YOUR ALLOCATIONS",,,,,0.007124999999996717
MSG-0014,2025-01-15T07:40:50Z,Laura (Risk),sales-desk,QUARTERLY BEST EXECUTION REPORT DUE NEXT WEDNESDAY,,,,,0.007249999999903167
MSG-0015,2025-01-15T07:49:15Z,Sarah Mitchell @ Meridian Markets,broker-chat,"NEW CLIENT ONBOARDING COMPLETE FOR CRESCENT CAPITAL, THEY'RE LIVE",,,,,0.18483300000005087
MSG-0016,2025-01-15T08:08:30Z,Alex Chen @ Apex Capital,broker-chat,"LOOKING FOR A PRICE IN NZDUSD, 200M CLIP",,,200000000.0,,0.1497499999998375
MSG-0017,2025-01-15T08:26:56Z,David Laurent @ Crescent Capital,broker-chat,MSFT OFFERED AT 145.96 FOR 27K SHARES,EQUITY,MSFT,27000.0,145.96,0.05016600000007365
MSG-0018,2025-01-15T08:27:17Z,Lucas Weber @ Titan Brokers,broker-chat,"NEED A MARKET IN GOOGL, 74K SHARES",EQUITY,GOOGL,74000.0,,0.04999999999988347
MSG-0019,2025-01-15T08:32:18Z,Alex Chen @ Apex Capital,broker-chat,NEED A PRICE IN 50M USDCAD,FX,USDCAD,50000000.0,,0.01566599999991425
MSG-0020,2025-01-15T08:37:14Z,James O'Brien @ Northpoint Securities,broker-chat,"CLIENT NEEDS 50M USDCAD, WHAT CAN YOU DO?",FX,USDCAD,50000000.0,,0.015625000000074607
MSG-0021,2025-01-15T08:48:07Z,Priya Sharma @ Eastbridge Partners,broker-chat,"LOOKING FOR A BID ON MSFT BLOCK, ~75K",EQUITY,MSFT,75000.0,,0.04883299999991486
MSG-0022,2025-01-15T09:01:28Z,Tom Richards @ Summit Brokerage,broker-chat,SHOWING UST 2Y AT 5.128 IN 5MM,BONDS,UST,,5.128,0.10366699999986295
MSG-0023,2025-01-15T09:02:30Z,Priya Sharma @ Eastbridge Partners,broker-chat,MKT IN GBPUSD: 0.6617 / 0.6618,FX,GBPUSD,0.6617,,0.027584000000135944
MSG-0024,2025-01-15T09:13:04Z,James O'Brien @ Northpoint Securities,broker-chat,LUNCH?,,,,,0.09358400000003542
MSG-0025,2025-01-15T09:47:02Z,Yuki Tanaka @ Pacific Securities,broker-chat,GBPJPY SPOT 103.81/103.86 GOOD FOR 50M,,,50000000.0,,0.14662499999995582
MSG-0026,2025-01-15T09:47:32Z,Mike (Sales),internal,"HEY, HOW WAS YOUR WEEKEND?",,,,,0.006999999999868223
MSG-0027,2025-01-15T09:51:48Z,Mike (Sales),sales-desk,EQUITY INDEX FUTURES POINTING TO A GAP LOWER AT THE OPEN,,,,,0.007083999999935031
MSG-0028,2025-01-15T09:57:54Z,Emma Fitzgerald @ Pinnacle Markets,broker-chat,JGB 10Y MKT: 4.16 / 4.11,BONDS,JGB,4.16,,0.10095799999998434
MSG-0029,2025-01-15T10:13:02Z,Sarah Mitchell @ Meridian Markets,internal,COMPLIANCE REMINDER: ALL TRADES OVER 50MM NEED PRE-APPROVAL,,,,,0.007416999999954044
MSG-0030,2025-01-15T10:24:43Z,Yuki Tanaka @ Pacific Securities,broker-chat,LOL,,,,,0.08479099999991746
MSG-0031,2025-01-15T10:29:43Z,Lucas Weber @ Titan Brokers,broker-chat,AUDUSD 0.8391/0.8393,FX,AUDUSD,0.8391,,0.03541600000001033
MSG-0032,2025-01-15T10:44:27Z,Tom Richards @ Summit Brokerage,broker-chat,"CAN SHOW YOU 1.2829/1.2831 IN EURUSD, UP TO 100M",FX,EURUSD,100000000.0,,0.025459000000171983
MSG-0033,2025-01-15T10:55:41Z,David Laurent @ Crescent Capital,broker-chat,SHOWING UST 10Y AT 4.716 IN 5MM,BONDS,UST,,4.716,0.10154199999989899
MSG-0034,2025-01-15T11:00:48Z,Sarah Mitchell @ Meridian Markets,sales-desk,"SSI ENRICHMENT FAILED FOR 3 TRADES, MANUAL INTERVENTION NEEDED",,,,,0.008041999999930383
MSG-0035,2025-01-15T11:16:15Z,Lucas Weber @ Titan Brokers,broker-chat,"BOE DECISION THURSDAY, MARKET PRICING 60% CHANCE OF A HOLD",,,60.0,,0.17541699999990001
MSG-0036,2025-01-15T11:21:43Z,Tom Richards @ Summit Brokerage,broker-chat,"LOOKING TO BUY 10MM BUND 10Y, WHERE ARE YOU?",BONDS,BUND,,,0.11266700000001073
MSG-0037,2025-01-15T11:38:49Z,Sarah Mitchell @ Meridian Markets,broker-chat,I HAVE EURUSD 0.9624 / 0.9627 LIVE,FX,EURUSD,0.9624,,0.024499999999871847
MSG-0038,2025-01-15T11:51:27Z,Maria Santos @ Atlantic Trading,broker-chat,"NEED A MARKET IN AMZN, 34K SHARES",EQUITY,AMZN,34000.0,,0.05120800000013581
MSG-0039,2025-01-15T11:59:28Z,Alex Chen @ Apex Capital,broker-chat,INFLOWS INTO MONEY MARKET FUNDS HIT RECORD $6.2TN THIS WEEK,,,6.0,,0.17350000000004862
MSG-0040,2025-01-15T12:04:56Z,David Laurent @ Crescent Capital,broker-chat,"I'M 401.07 ON GS, 33K AVAILABLE",,,33000.0,,0.1318749999998925
MSG-0041,2025-01-15T12:21:53Z,Chris (Middle Office),sales-desk,PLEASE UPDATE YOUR P&L BY 17:00 FOR MONTH-END,,,,,0.007000000000090267
MSG-0042,2025-01-15T12:32:47Z,Maria Santos @ Atlantic Trading,broker-chat,"GBPJPY 119.45-119.46 FOR 5M, FIRM 30S",,,5000000.0,,0.14245800000001196
MSG-0043,2025-01-15T12:37:19Z,James O'Brien @ Northpoint Securities,sales-desk,"RATES MARKET FEELS HEAVY, SEEING REAL MONEY SELLING IN 10Y",,,,,0.007332999999887235
MSG-0044,2025-01-15T13:02:18Z,Priya Sharma @ Eastbridge Partners,broker-chat,SHOWING UST 5Y AT 4.625 IN 5MM,BONDS,UST,,4.625,0.09833400000003323
MSG-0045,2025-01-15T13:08:32Z,Sarah Mitchell @ Meridian Markets,sales-desk,CAN YOU SEND ME THAT SPREADSHEET AGAIN?,,,,,0.007917000000023933
MSG-0046,2025-01-15T13:19:10Z,Yuki Tanaka @ Pacific Securities,broker-chat,EURJPY SPOT 145.95/145.97 GOOD FOR 100M,FX,EURJPY,100000000.0,,0.032457999999957465
MSG-0047,2025-01-15T13:55:07Z,James O'Brien @ Northpoint Securities,sales-desk,"JAPANESE WAGE DATA SURPRISED TO THE UPSIDE, BOJ RATE HIKE EXPECTATIONS BUILDING",,,,,0.007542000000082538
MSG-0048,2025-01-15T14:28:51Z,Maria Santos @ Atlantic Trading,sales-desk,"THX FOR THE INTRO TO THEIR PM, VERY HELPFUL",,,,,0.006791999999977705
MSG-0049,2025-01-15T14:36:00Z,David Laurent @ Crescent Capital,broker-chat,"I CAN OFFER UST 30Y AT 1.707, 25MM CLIP",BONDS,UST,,1.707,0.10945899999992292
MSG-0050,2025-01-15T14:47:22Z,Yuki Tanaka @ Pacific Securities,broker-chat,"AUDUSD 1.2187-1.219 FOR 50M, FIRM 30S",FX,AUDUSD,50000000.0,,0.02891700000007269
MSG-0051,2025-01-15T14:56:00Z,David Laurent @ Crescent Capital,sales-desk,👍,,,,,0.006999999999868223
MSG-0052,2025-01-15T15:02:28Z,Tom Richards @ Summit Brokerage,broker-chat,SHOWING BUND 10Y AT 3.964 IN 50MM,BONDS,BUND,,3.964,0.10333299999998324
MSG-0053,2025-01-15T15:06:51Z,Emma Fitzgerald @ Pinnacle Markets,broker-chat,CAN YOU QUOTE USDCAD IN 20M?,FX,USDCAD,20000000.0,,0.01533300000011728
MSG-0054,2025-01-15T15:23:07Z,Mike (Sales),sales-desk,"CENTRAL BANK SPEAKERS TODAY: ECB AT 14:00, FED MINUTES AT 19:00 GMT",,,,,0.006833000000039391
MSG-0055,2025-01-15T15:30:10Z,Emma Fitzgerald @ Pinnacle Markets,broker-chat,UST 10Y 1.598/1.578,BONDS,UST,1.598,,0.14099999999994672
MSG-0056,2025-01-15T15:30:16Z,Tom Richards @ Summit Brokerage,broker-chat,"AC IS BROKEN AGAIN, FREEZING IN HERE",,,,,0.15891700000003617
MSG-0057,2025-01-15T15:38:50Z,Anna (Compliance),sales-desk,"YEAR-END PORTFOLIO VALUATION REPORTS DISTRIBUTED, REVIEW BY FRIDAY",,,,,0.008417000000093822
MSG-0058,2025-01-15T15:40:42Z,Yuki Tanaka @ Pacific Securities,broker-chat,"EURJPY 111.93-111.98 FOR 10M, FIRM 30S",FX,EURJPY,10000000.0,,0.03433300000010853
MSG-0059,2025-01-15T15:41:43Z,Mike (Sales),sales-desk,"ENJOY YOUR HOLIDAY, CATCH UP WHEN YOU'RE BACK",,,,,0.008250000000042945
MSG-0060,2025-01-15T15:43:46Z,David Laurent @ Crescent Capital,broker-chat,UST 5Y MKT: 3.326 / 3.276,BONDS,UST,3.326,,0.09716599999998188
MSG-0061,2025-01-15T15:47:37Z,Emma Fitzgerald @ Pinnacle Markets,broker-chat,"LEVERAGED COMMUNITY REPORTEDLY VERY LONG USD, POSITIONING FEELS STRETCHED",,,,,0.19133300000007125
MSG-0062,2025-01-15T15:55:14Z,Sarah Mitchell @ Meridian Markets,sales-desk,"CREDIT SPREADS WIDENING OUT, IG INDEX +5BP SINCE THE OPEN",,,,,0.00758400000000492
MSG-0063,2025-01-15T16:34:34Z,Maria Santos @ Atlantic Trading,broker-chat,"CAN SHOW META AT 221.29, BLOCK OF 68K",EQUITY,META,68000.0,221.29,0.04783299999999713
MSG-0064,2025-01-15T16:51:10Z,James O'Brien @ Northpoint Securities,sales-desk,"RATES MARKET FEELS HEAVY, SEEING REAL MONEY SELLING IN 10Y",,,,,0.008000000000008
MSG-0065,2025-01-15T16:54:41Z,Emma Fitzgerald @ Pinnacle Markets,broker-chat,NEED A PRICE IN 100M EURUSD,FX,EURUSD,100000000.0,,0.017749999999816524
MSG-0066,2025-01-15T16:59:17Z,Priya Sharma @ Eastbridge Partners,broker-chat,"THANKS FOR THE FILL ON THE JPY, CAN YOU ALSO SHOW ME GBPUSD IN 20M?",FX,GBPUSD,20000000.0,,0.023749999999989058
MSG-0067,2025-01-15T17:08:33Z,Emma Fitzgerald @ Pinnacle Markets,sales-desk,MONTH-END REBALANCING EXPECTED TO DRIVE USD SELLING INTO THE FIX,,,,,0.006957999999945841
MSG-0068,2025-01-15T17:09:00Z,Emma Fitzgerald @ Pinnacle Markets,broker-chat,"USDJPY FALLING LIKE A STONE, 152.80 LAST. YOU WANT TO GET INVOLVED?",FX,USDJPY,152.8,,0.030041999999896873
MSG-0069,2025-01-15T17:10:05Z,Anna (Compliance),internal,LUNCH?,,,,,0.007499999999938112
MSG-0070,2025-01-15T17:21:52Z,Maria Santos @ Atlantic Trading,broker-chat,CAN YOU OFFER UST 10Y? LOOKING FOR 100MM,BONDS,UST,,,0.10704200000000164
MSG-0071,2025-01-15T17:29:40Z,Tom Richards @ Summit Brokerage,broker-chat,SHOWING GILT 10Y AT 4.042 IN 10MM,BONDS,GILT,,4.042,0.10845900000000519
MSG-0072,2025-01-15T17:29:45Z,James O'Brien @ Northpoint Securities,sales-desk,SORRY WRONG CHAT!,,,,,0.006916999999884155
MSG-0073,2025-01-15T17:57:35Z,Priya Sharma @ Eastbridge Partners,broker-chat,SHOWING UST 5Y AT 3.381 IN 25MM,BONDS,UST,,3.381,0.10108399999997353
MSG-0074,2025-01-15T18:00:26Z,Sarah Mitchell @ Meridian Markets,broker-chat,"AUDIT TEAM REQUESTING TRADE RECORDS FOR Q3, DEADLINE NEXT FRIDAY",,,,,0.18399999999996197
MSG-0075,2025-01-15T18:05:41Z,Priya Sharma @ Eastbridge Partners,internal,"SURE THING, WILL DO",,,,,0.007000000000090267
MSG-0076,2025-01-15T18:25:32Z,Yuki Tanaka @ Pacific Securities,sales-desk,DID YOU SEE THE GAME LAST NIGHT? INCREDIBLE FINISH,,,,,0.007124999999996717
MSG-0077,2025-01-15T18:45:07Z,Tom Richards @ Summit Brokerage,broker-chat,"VIX CREEPING HIGHER, UP TO 18 FROM 15 EARLIER THIS WEEK",INDICES,VIX,18.0,,0.11358299999986166
MSG-0078,2025-01-15T18:46:28Z,Alex Chen @ Apex Capital,broker-chat,"CLIENT WANTS TO MOVE 7K BAC, CAN YOU WORK IT?",,,7000.0,,0.15320799999996026
MSG-0079,2025-01-15T19:21:41Z,Sarah Mitchell @ Meridian Markets,broker-chat,RFQ: 100M EURGBP SPOT PLS,FX,EURGBP,100000000.0,,0.02095899999998707
MSG-0080,2025-01-15T19:27:44Z,Tom Richards @ Summit Brokerage,broker-chat,"LOOKING FOR A PRICE IN EURJPY, 10M CLIP",FX,EURJPY,10000000.0,,0.027042000000143673
MSG-0081,2025-01-15T19:46:09Z,Sarah Mitchell @ Meridian Markets,broker-chat,JPM 268.23 BID FOR 7K,EQUITY,JPM,7000.0,,0.060834000000120625
MSG-0082,2025-01-15T19:54:04Z,Yuki Tanaka @ Pacific Securities,broker-chat,"LOOKING FOR A BID ON AMZN BLOCK, ~13K",EQUITY,AMZN,13000.0,,0.05329200000003809
MSG-0083,2025-01-15T19:54:42Z,Yuki Tanaka @ Pacific Securities,broker-chat,"OPEC MEETING THIS WEEKEND, RUMOURS OF PRODUCTION CUT EXTENSION",,,,,0.17387499999999
MSG-0084,2025-01-15T19:54:50Z,Yuki Tanaka @ Pacific Securities,broker-chat,SHOWING EURGBP AT 1.4361/1.4362 IN 5M,FX,EURGBP,5000000.0,1.4361,0.03012499999988094
MSG-0085,2025-01-16T06:15:05Z,Tom Richards @ Summit Brokerage,broker-chat,AUDUSD SPOT 0.7712/0.7717 GOOD FOR 10M,FX,AUDUSD,10000000.0,,0.029207999999947276
MSG-0086,2025-01-16T06:16:35Z,Maria Santos @ Atlantic Trading,broker-chat,RFQ: UST 2Y 25MM,BONDS,UST,,,0.0834999999999031
MSG-0087,2025-01-16T06:25:40Z,David Laurent @ Crescent Capital,broker-chat,I HAVE AUDUSD 0.7471 / 0.7476 LIVE,FX,AUDUSD,0.7471,,0.031292000000071596
MSG-0088,2025-01-16T06:35:59Z,Sarah Mitchell @ Meridian Markets,broker-chat,"I CAN OFFER GILT 10Y AT 1.501, 50MM CLIP",BONDS,GILT,,1.501,0.11450000000001737
MSG-0089,2025-01-16T06:36:44Z,Maria Santos @ Atlantic Trading,broker-chat,"NEED A MARKET IN NVDA, 74K SHARES",,,74000.0,,0.13320899999991198
MSG-0090,2025-01-16T06:53:25Z,Yuki Tanaka @ Pacific Securities,broker-chat,CAN YOU QUOTE USDCHF IN 100M?,FX,USDCHF,100000000.0,,0.026209000000054772
MSG-0091,2025-01-16T07:00:45Z,Lucas Weber @ Titan Brokers,broker-chat,"NEED A MARKET IN BAC, 57K SHARES",,,57000.0,,0.1302919999999208
MSG-0092,2025-01-16T08:00:59Z,Sarah Mitchell @ Meridian Markets,sales-desk,"COMMODITIES COMPLEX RALLYING, COPPER AND IRON ORE BOTH UP 3%",,,,,0.006959000000028581
MSG-0093,2025-01-16T08:20:54Z,Emma Fitzgerald @ Pinnacle Markets,broker-chat,"JPM: 182.42 LAST, I CAN IMPROVE BY 50C ON 64K",EQUITY,JPM,64000.0,,0.07616700000001586
MSG-0094,2025-01-16T08:30:09Z,Priya Sharma @ Eastbridge Partners,sales-desk,"EMERGING MARKET SOVEREIGN SPREADS TIGHTENING, RISK APPETITE IMPROVING",,,,,0.007166999999919099
MSG-0095,2025-01-16T08:39:54Z,Priya Sharma @ Eastbridge Partners,broker-chat,CAN YOU OFFER OAT 10Y? LOOKING FOR 25MM,BONDS,OAT,,,0.10883299999986384
MSG-0096,2025-01-16T08:40:42Z,David Laurent @ Crescent Capital,broker-chat,EQUITY INDEX FUTURES POINTING TO A GAP LOWER AT THE OPEN,,,,,0.16883300000003487
MSG-0097,2025-01-16T08:45:20Z,Alex Chen @ Apex Capital,broker-chat,SHOWING UST 5Y AT 3.041 IN 25MM,BONDS,UST,,3.041,0.1215839999999524
MSG-0098,2025-01-16T09:03:42Z,Alex Chen @ Apex Capital,broker-chat,GBPUSD 1.3086/1.3087,FX,GBPUSD,1.3086,,0.030583999999889144
MSG-0099,2025-01-16T09:17:48Z,Priya Sharma @ Eastbridge Partners,broker-chat,"CAN SHOW YOU 104.92/104.95 IN GBPJPY, UP TO 20M",,,20000000.0,,0.16324999999994816
MSG-0100,2025-01-16T09:29:22Z,Sarah Mitchell @ Meridian Markets,broker-chat,MARKET DATA VENDOR CONTRACT RENEWAL DUE IN 2 WEEKS,,,2.0,,0.16250000000006537
MSG-0101,2025-01-16T09:39:33Z,Lucas Weber @ Titan Brokers,broker-chat,CHEERS,,,,,0.09045899999993168
MSG-0102,2025-01-16T09:47:07Z,Tom Richards @ Summit Brokerage,broker-chat,"OFFICE PARTY NEXT THURSDAY, YOU COMING?",,,,,0.14216700000013738
MSG-0103,2025-01-16T09:51:33Z,Priya Sharma @ Eastbridge Partners,broker-chat,"CLIENT LOOKING FOR OAT 10Y IN SIZE, 5MM",BONDS,OAT,,,0.11158300000002619
MSG-0104,2025-01-16T09:51:47Z,James O'Brien @ Northpoint Securities,internal,"ACCESS RIGHTS UPDATED FOR NEW JOINERS, PLEASE VERIFY",,,,,0.007166999999919099
MSG-0105,2025-01-16T10:02:17Z,James O'Brien @ Northpoint Securities,broker-chat,"THAT NVDA PRINT WAS WILD. SPEAKING OF WHICH, CAN YOU SHOW ME 30K SHARES?",,,30000.0,,0.19487500000003877
MSG-0106,2025-01-16T10:12:59Z,Emma Fitzgerald @ Pinnacle Markets,broker-chat,SHOWING JGB 10Y AT 1.749 IN 50MM,BONDS,JGB,,1.749,0.10937499999985612
MSG-0107,2025-01-16T10:35:19Z,Emma Fitzgerald @ Pinnacle Markets,sales-desk,"HIGH YIELD MARKET SURPRISINGLY RESILIENT, NEW ISSUES OVERSUBSCRIBED",,,,,0.006791000000117009
MSG-0108,2025-01-16T10:41:05Z,Lucas Weber @ Titan Brokers,internal,WORKING FROM HOME TOMORROW,,,,,0.006790999999894964
MSG-0109,2025-01-16T10:43:52Z,Alex Chen @ Apex Capital,internal,"MONTH-END CLOSE PROCESS STARTS AT 17:00 SHARP, ALL BOOKS MUST BE FLAT",,,,,0.006707999999910896
MSG-0110,2025-01-16T10:49:18Z,Laura (Risk),broker-chat,"JUST SAW YOUR LINKEDIN POST, GREAT STUFF",,,,,0.14337499999994563
MSG-0111,2025-01-16T10:55:02Z,Yuki Tanaka @ Pacific Securities,broker-chat,SHOWING AUDUSD AT 0.6521/0.6522 IN 5M,FX,AUDUSD,5000000.0,0.6521,0.030374999999915886
MSG-0112,2025-01-16T11:07:15Z,Alex Chen @ Apex Capital,broker-chat,"CAN SHOW YOU 156.7/156.72 IN USDJPY, UP TO 50M",FX,USDJPY,50000000.0,,0.026542000000073784
MSG-0113,2025-01-16T11:20:26Z,Priya Sharma @ Eastbridge Partners,broker-chat,CAN YOU OFFER JGB 10Y? LOOKING FOR 10MM,BONDS,JGB,,,0.11354099999993927
MSG-0114,2025-01-16T11:35:27Z,David Laurent @ Crescent Capital,broker-chat,"CLIENT NEEDS 25M GBPUSD, WHAT CAN YOU DO?",FX,GBPUSD,25000000.0,,0.018375000000014907
MSG-0115,2025-01-16T11:59:39Z,Mike (Sales),internal,"THANKS MATE, TALK LATER",,,,,0.006750000000055323
MSG-0116,2025-01-16T12:28:35Z,Emma Fitzgerald @ Pinnacle Markets,broker-chat,"LARGE SELLER IN TSLA, CAN OFFER AT 318.82 FOR 12K",EQUITY,TSLA,12000.0,318.82,0.053499999999928605
MSG-0117,2025-01-16T12:31:03Z,Yuki Tanaka @ Pacific Securities,broker-chat,RFQ: UST 10Y 5MM,BONDS,UST,,,0.08091700000001367
MSG-0118,2025-01-16T12:32:49Z,David Laurent @ Crescent Capital,internal,"TEAM DINNER TONIGHT AT 19:30, ARE YOU IN?",,,,,0.007082999999852291
MSG-0119,2025-01-16T12:36:53Z,Yuki Tanaka @ Pacific Securities,broker-chat,"UPDATED MY AXE LIST: OFFERING MSFT AT 420, GS AT 510, BOTH IN 15K CLIPS",EQUITY,MSFT,15000.0,420.0,0.06441699999992778
MSG-0120,2025-01-16T12:39:43Z,Mike (Sales),sales-desk,NP,,,,,0.007082999999852291
MSG-0121,2025-01-16T12:41:05Z,Mike (Sales),sales-desk,"CENTRAL BANK SPEAKERS TODAY: ECB AT 14:00, FED MINUTES AT 19:00 GMT",,,,,0.006625000000148873
MSG-0122,2025-01-16T12:41:59Z,Yuki Tanaka @ Pacific Securities,broker-chat,WHATS YOUR AXE IN UST 10Y?,BONDS,UST,,,0.08975000000011057
MSG-0123,2025-01-16T12:58:15Z,Lucas Weber @ Titan Brokers,broker-chat,"I CAN OFFER BUND 10Y AT 4.513, 10MM CLIP",BONDS,BUND,,4.513,0.11491700000010319
MSG-0124,2025-01-16T13:04:14Z,Priya Sharma @ Eastbridge Partners,broker-chat,BAC 198.86 BID FOR 17K,,,17000.0,,0.1180000000000625
MSG-0125,2025-01-16T13:07:16Z,Laura (Risk),sales-desk,"NICE ONE, APPRECIATE IT",,,,,0.006708000000132941
MSG-0126,2025-01-16T13:13:55Z,David Laurent @ Crescent Capital,broker-chat,WHATS UR BEST IN 100M EURUSD?,FX,EURUSD,100000000.0,,0.01674999999989879
MSG-0127,2025-01-16T13:17:20Z,Priya Sharma @ Eastbridge Partners,broker-chat,I HAVE EURGBP 1.4091 / 1.4092 LIVE,FX,EURGBP,1.4091,,0.02883300000000588
MSG-0128,2025-01-16T13:24:07Z,Yuki Tanaka @ Pacific Securities,broker-chat,CAN YOU QUOTE GBPJPY IN 20M?,,,20000000.0,,0.12412499999991944
MSG-0129,2025-01-16T13:29:00Z,Priya Sharma @ Eastbridge Partners,internal,LOL,,,,,0.007207999999980785
MSG-0130,2025-01-16T13:35:41Z,Mike (Sales),broker-chat,"ASIA SESSION WAS QUIET, MOSTLY POSITION SQUARING AHEAD OF DATA",,,,,0.17541699999990001
MSG-0131,2025-01-16T13:40:38Z,Lucas Weber @ Titan Brokers,broker-chat,"NEED TO SELL 10M EURUSD, CAN YOU HELP?",FX,EURUSD,10000000.0,,0.017708999999976882
MSG-0132,2025-01-16T13:51:18Z,Sarah Mitchell @ Meridian Markets,broker-chat,UST 2Y MKT: 2.889 / 2.839,BONDS,UST,2.889,,0.09366700000001948
MSG-0133,2025-01-16T13:58:34Z,Emma Fitzgerald @ Pinnacle Markets,broker-chat,ANYONE KNOW THE WIFI PASSWORD FOR THE GUEST NETWORK?,,,,,0.16187500000008903
MSG-0134,2025-01-16T14:10:31Z,Alex Chen @ Apex Capital,sales-desk,"CPI PRINT TOMORROW, CONSENSUS IS +0.3% M/M, MARKET POSITIONED FOR UPSIDE SURPRISE",,,,,0.006749999999833278
MSG-0135,2025-01-16T14:11:35Z,James O'Brien @ Northpoint Securities,broker-chat,AUDUSD SPOT 1.2032/1.2033 GOOD FOR 50M,FX,AUDUSD,50000000.0,,0.02816600000010716
MSG-0136,2025-01-16T14:18:10Z,James O'Brien @ Northpoint Securities,sales-desk,"MARKET FEELS VERY SHORT GAMMA HERE, COULD SEE SHARP MOVES EITHER WAY",,,,,0.007332999999887235
MSG-0137,2025-01-16T14:20:42Z,David Laurent @ Crescent Capital,broker-chat,"NZDUSD 1.0826-1.0831 FOR 5M, FIRM 30S",,,5000000.0,,0.13929199999984654
MSG-0138,2025-01-16T14:24:26Z,Anna (Compliance),sales-desk,GREAT PRESENTATION THIS MORNING,,,,,0.007332999999887235
MSG-0139,2025-01-16T14:29:23Z,Lucas Weber @ Titan Brokers,broker-chat,SHOWING OAT 10Y AT 5.089 IN 50MM,BONDS,OAT,,5.089,0.10533299999981871
MSG-0140,2025-01-16T14:30:22Z,Sarah Mitchell @ Meridian Markets,broker-chat,"NEED TO SELL 25M NZDUSD, CAN YOU HELP?",,,25000000.0,,0.1398329999999781
MSG-0141,2025-01-16T14:38:38Z,Laura (Risk),broker-chat,"JAPANESE WAGE DATA SURPRISED TO THE UPSIDE, BOJ RATE HIKE EXPECTATIONS BUILDING",,,,,0.19912500000018873
MSG-0142,2025-01-16T15:04:02Z,Chris (Middle Office),sales-desk,QUIET DAY TODAY HUH,,,,,0.007083000000074335
MSG-0143,2025-01-16T15:09:48Z,Priya Sharma @ Eastbridge Partners,broker-chat,"LOOKING FOR A BID ON JPM BLOCK, ~16K",EQUITY,JPM,16000.0,,0.06808299999994105
MSG-0144,2025-01-16T15:33:10Z,David Laurent @ Crescent Capital,broker-chat,I HAVE USDJPY 152.23 / 152.26 LIVE,FX,USDJPY,152.23,,0.028667000000037746
MSG-0145,2025-01-16T15:54:31Z,Ben (IT Support),internal,"VOICE RECORDING SYSTEM WAS DOWN 10:15-10:42, TRADES DURING WINDOW NEED MANUAL LOG",,,,,0.006917000000106199
MSG-0146,2025-01-16T15:57:32Z,David Laurent @ Crescent Capital,broker-chat,NEED A PRICE IN 200M USDCHF,FX,USDCHF,200000000.0,,0.025666000000201805
MSG-0147,2025-01-16T16:19:10Z,Sarah Mitchell @ Meridian Markets,broker-chat,WHATS UR BEST IN 10M USDJPY?,FX,USDJPY,10000000.0,,0.021000000000048757
MSG-0148,2025-01-16T16:33:14Z,Sarah Mitchell @ Meridian Markets,broker-chat,"TRADE BREAK ON REF TXN-20240315-001, PLEASE INVESTIGATE",,,20240315.0,,0.1789159999998624
MSG-0149,2025-01-16T16:43:09Z,Anna (Compliance),broker-chat,"PRE-TRADE COMPLIANCE CHECK FAILING FOR BOND TRADES OVER 100MM, IT INVESTIGATING",,,,,0.2007910000001445
MSG-0150,2025-01-16T16:43:27Z,Maria Santos @ Atlantic Trading,broker-chat,SHOWING USDJPY AT 132.26/132.29 IN 10M,FX,USDJPY,10000000.0,132.26,0.026083999999926277
MSG-0151,2025-01-16T16:49:35Z,Laura (Risk),broker-chat,QUARTERLY BEST EXECUTION REPORT DUE NEXT WEDNESDAY,,,,,0.15508300000011133
MSG-0152,2025-01-16T17:00:10Z,Sarah Mitchell @ Meridian Markets,broker-chat,USDCAD SPOT 1.474/1.4741 GOOD FOR 100M,FX,USDCAD,100000000.0,,0.019541999999983517
MSG-0153,2025-01-16T17:17:05Z,Tom Richards @ Summit Brokerage,broker-chat,JGB 10Y 1.507/1.487,BONDS,JGB,1.507,,0.09379199999992593
MSG-0154,2025-01-16T17:24:20Z,Chris (Middle Office),broker-chat,REMINDER: MANDATORY TRAINING ON MARKET ABUSE REGULATION THIS THURSDAY,,,,,0.18291599999997743
MSG-0155,2025-01-16T17:27:50Z,James O'Brien @ Northpoint Securities,broker-chat,WHATS UR BEST IN 100M USDJPY?,FX,USDJPY,100000000.0,,0.020082999999893048
MSG-0156,2025-01-16T17:37:31Z,Priya Sharma @ Eastbridge Partners,broker-chat,"CLIENT LOOKING FOR GILT 10Y IN SIZE, 5MM",BONDS,GILT,,,0.10820899999997025
MSG-0157,2025-01-16T17:45:31Z,Tom Richards @ Summit Brokerage,broker-chat,SHOWING UST 30Y AT 2.09 IN 5MM,BONDS,UST,,2.09,0.09725000000004869
MSG-0158,2025-01-16T17:55:08Z,Yuki Tanaka @ Pacific Securities,broker-chat,"GBPUSD 0.9411-0.9416 FOR 20M, FIRM 30S",FX,GBPUSD,20000000.0,,0.02300000000010627
MSG-0159,2025-01-16T17:57:34Z,Maria Santos @ Atlantic Trading,broker-chat,"AAPL 185.50 OFFERED, 25K. ALSO DID YOU GET MY EMAIL RE: THE ISDA?",EQUITY,AAPL,25000.0,,0.05620800000016857
MSG-0160,2025-01-16T18:03:36Z,Yuki Tanaka @ Pacific Securities,broker-chat,"I CAN OFFER JGB 10Y AT 4.613, 50MM CLIP",BONDS,JGB,,4.613,0.11679099999994946
MSG-0161,2025-01-16T18:09:34Z,Lucas Weber @ Titan Brokers,sales-desk,"CPI PRINT TOMORROW, CONSENSUS IS +0.3% M/M, MARKET POSITIONED FOR UPSIDE SURPRISE",,,,,0.007540999999999798
MSG-0162,2025-01-16T18:15:43Z,Sarah Mitchell @ Meridian Markets,internal,BACK AT MY DESK NOW,,,,,0.006874999999961773
MSG-0163,2025-01-16T18:30:49Z,Lucas Weber @ Titan Brokers,broker-chat,WHATS YOUR AXE IN BUND 10Y?,BONDS,BUND,,,0.09341699999998454
MSG-0164,2025-01-16T18:44:46Z,Maria Santos @ Atlantic Trading,broker-chat,I HAVE USDCHF 0.841 / 0.8412 LIVE,FX,USDCHF,0.841,,0.03300000000017178
MSG-0165,2025-01-16T18:50:26Z,Yuki Tanaka @ Pacific Securities,broker-chat,"I'M 321.11 ON AAPL, 65K AVAILABLE",EQUITY,AAPL,65000.0,,0.04516599999981885
MSG-0166,2025-01-16T18:53:43Z,Yuki Tanaka @ Pacific Securities,broker-chat,"JUST GOT BACK FROM VACATION, WHAT DID I MISS? ALSO NEED TO BUY 100MM BUND 10Y",BONDS,BUND,,,0.1534579999999952
MSG-0167,2025-01-16T18:55:49Z,Sarah Mitchell @ Meridian Markets,broker-chat,PLS QUOTE USDCHF 100M,FX,USDCHF,100000000.0,,0.023875000000117552
MSG-0168,2025-01-16T19:00:48Z,Emma Fitzgerald @ Pinnacle Markets,broker-chat,USDJPY 156.5/156.52,FX,USDJPY,156.5,,0.02358400000002092
MSG-0169,2025-01-16T19:02:35Z,Chris (Middle Office),broker-chat,NP,,,,,0.09150000000013314
MSG-0170,2025-01-16T19:20:01Z,Lucas Weber @ Titan Brokers,broker-chat,WHATS YOUR AXE IN GILT 10Y?,BONDS,GILT,,,0.09379199999992593
MSG-0171,2025-01-16T19:24:35Z,Maria Santos @ Atlantic Trading,broker-chat,"CLIENT NEEDS 25M EURJPY, WHAT CAN YOU DO?",FX,EURJPY,25000000.0,,0.026375000000022908
MSG-0172,2025-01-16T19:32:29Z,Emma Fitzgerald @ Pinnacle Markets,internal,HAPPY FRIDAY!,,,,,0.007167000000141144
MSG-0173,2025-01-16T19:34:17Z,Lucas Weber @ Titan Brokers,broker-chat,QUIET SCREENS... IF YOU NEED AUDUSD I CAN SHOW YOU SOMETHING COMPETITIVE,FX,AUDUSD,,,0.031375000000055664
MSG-0174,2025-01-16T19:40:14Z,Priya Sharma @ Eastbridge Partners,broker-chat,BAC OFFERED AT 478.63 FOR 15K SHARES,,,15000.0,478.63,0.13916700000016213
MSG-0175,2025-01-16T19:58:46Z,Alex Chen @ Apex Capital,broker-chat,CAN YOU OFFER OAT 10Y? LOOKING FOR 100MM,BONDS,OAT,,,0.11008400000012131
MSG-0176,2025-01-17T06:00:19Z,Yuki Tanaka @ Pacific Securities,broker-chat,"CLIENT WANTS TO MOVE 54K GOOGL, CAN YOU WORK IT?",EQUITY,GOOGL,54000.0,,0.060541999999941254
MSG-0177,2025-01-17T06:18:45Z,Lucas Weber @ Titan Brokers,broker-chat,"NEED A MARKET IN BAC, 5K SHARES",,,5000.0,,0.12849999999997586
MSG-0178,2025-01-17T06:30:06Z,Emma Fitzgerald @ Pinnacle Markets,broker-chat,"LIQUIDITY THIN AHEAD OF THE LONG WEEKEND, SPREADS WIDER THAN USUAL",,,,,0.182540999999814
MSG-0179,2025-01-17T06:31:08Z,Alex Chen @ Apex Capital,broker-chat,RFQ: UST 5Y 50MM,BONDS,UST,,,0.08045800000000547
MSG-0180,2025-01-17T06:40:17Z,Mike (Sales),sales-desk,"IT DEPLOYING NEW PRICING TOOL TO PRODUCTION TONIGHT, RELEASE NOTES ATTACHED",,,,,0.006917000000106199
MSG-0181,2025-01-17T07:05:00Z,Emma Fitzgerald @ Pinnacle Markets,broker-chat,"LOOKING FOR A BID ON GS BLOCK, ~58K",,,58000.0,,0.13724999999986665
MSG-0182,2025-01-17T07:08:05Z,Maria Santos @ Atlantic Trading,broker-chat,EURUSD 1.0850/1.0855 BTW DID YOU SEE THE ECB SPEECH?,FX,EURUSD,1.085,,0.02645899999986767
MSG-0183,2025-01-17T07:11:23Z,Priya Sharma @ Eastbridge Partners,broker-chat,UST 2Y 5.216/5.166,BONDS,UST,5.216,,0.08450000000004287
MSG-0184,2025-01-17T07:11:34Z,Sarah Mitchell @ Meridian Markets,broker-chat,UST 30Y MKT: 1.908 / 1.878,BONDS,UST,1.908,,0.09516700000000711
MSG-0185,2025-01-17T07:13:33Z,Emma Fitzgerald @ Pinnacle Markets,broker-chat,"I'M 461.57 ON JPM, 43K AVAILABLE",EQUITY,JPM,43000.0,,0.06804200000010141
MSG-0186,2025-01-17T07:23:42Z,Ben (IT Support),broker-chat,NP,,,,,0.08095899999993605
MSG-0187,2025-01-17T07:25:42Z,James O'Brien @ Northpoint Securities,broker-chat,CONGRATS ON THE DEAL YESTERDAY!,,,,,0.12912500000017424
MSG-0188,2025-01-17T07:32:58Z,Priya Sharma @ Eastbridge Partners,broker-chat,CAN YOU QUOTE NZDUSD IN 20M?,,,20000000.0,,0.12383400000004485
MSG-0189,2025-01-17T07:41:23Z,Yuki Tanaka @ Pacific Securities,broker-chat,SHOWING UST 2Y AT 3.985 IN 10MM,BONDS,UST,,3.985,0.0986669999998302
MSG-0190,2025-01-17T07:58:36Z,Priya Sharma @ Eastbridge Partners,broker-chat,SHOWING GILT 10Y AT 1.874 IN 25MM,BONDS,GILT,,1.874,0.11279199999991718
MSG-0191,2025-01-17T08:08:46Z,Lucas Weber @ Titan Brokers,broker-chat,"OIL BID ON MIDDLE EAST TENSIONS, BRENT UP 2% AND DRAGGING NOK HIGHER",COMMODITIES,BRENT,2.0,,0.1707079999999639
MSG-0192,2025-01-17T08:11:20Z,Anna (Compliance),internal,IT TICKET #4892 RESOLVED: PRICING FEED LATENCY ISSUE FIXED,,,,,0.006750000000055323
MSG-0193,2025-01-17T08:12:21Z,Mike (Sales),sales-desk,"IT DEPLOYING NEW PRICING TOOL TO PRODUCTION TONIGHT, RELEASE NOTES ATTACHED",,,,,0.006916000000023459
MSG-0194,2025-01-17T08:16:49Z,James O'Brien @ Northpoint Securities,broker-chat,USDCAD 1.2021/1.2023,FX,USDCAD,1.2021,,0.020999999999826713
MSG-0195,2025-01-17T08:23:08Z,Mike (Sales),broker-chat,"OIL BID ON MIDDLE EAST TENSIONS, BRENT UP 2% AND DRAGGING NOK HIGHER",COMMODITIES,BRENT,2.0,,0.17145900000015146
MSG-0196,2025-01-17T08:24:49Z,David Laurent @ Crescent Capital,broker-chat,BAC 234.99 BID FOR 75K,,,75000.0,,0.1382910000000681
MSG-0197,2025-01-17T08:25:20Z,Yuki Tanaka @ Pacific Securities,broker-chat,UST 30Y 3.453/3.423,BONDS,UST,3.453,,0.08637500000019394
MSG-0198,2025-01-17T08:25:39Z,James O'Brien @ Northpoint Securities,broker-chat,"SSI ENRICHMENT FAILED FOR 3 TRADES, MANUAL INTERVENTION NEEDED",,,3.0,,0.181874999999998
MSG-0199,2025-01-17T08:41:39Z,Priya Sharma @ Eastbridge Partners,broker-chat,WHERE WOULD YOU SHOW GBPJPY IN 100M?,,,100000000.0,,0.13570900000003938
MSG-0200,2025-01-17T08:46:29Z,Lucas Weber @ Titan Brokers,broker-chat,"CLIENT LOOKING FOR BUND 10Y IN SIZE, 50MM",BONDS,BUND,,,0.10799999999999699
MSG-0201,2025-01-17T09:00:16Z,Lucas Weber @ Titan Brokers,broker-chat,USDJPY 121.54/121.57,FX,USDJPY,121.54,,0.024333000000043015
MSG-0202,2025-01-17T09:16:42Z,Alex Chen @ Apex Capital,broker-chat,"GS: 133.16 LAST, I CAN IMPROVE BY 50C ON 10K",,,10000.0,,0.14999999999987246
MSG-0203,2025-01-17T09:19:56Z,Alex Chen @ Apex Capital,broker-chat,"GBPJPY 133.15-133.2 FOR 10M, FIRM 30S",,,10000000.0,,0.14012499999993544
MSG-0204,2025-01-17T09:32:47Z,Alex Chen @ Apex Capital,broker-chat,SHOWING USDCHF AT 0.9189/0.9194 IN 25M,FX,USDCHF,25000000.0,0.9189,0.03212499999993845
MSG-0205,2025-01-17T09:33:38Z,James O'Brien @ Northpoint Securities,broker-chat,"LOOKING TO SELL 100MM JGB 10Y, WHERE ARE YOU?",BONDS,JGB,,,0.2594590000000174
MSG-0206,2025-01-17T09:51:07Z,Chris (Middle Office),internal,"JUST UPDATED MY TEAMS STATUS, SHOULD BE GREEN NOW",,,,,0.010875000000076795
MSG-0207,2025-01-17T10:07:36Z,Yuki Tanaka @ Pacific Securities,broker-chat,"CLIENT WANTS TO MOVE 32K NVDA, CAN YOU WORK IT?",,,32000.0,,0.20175000000000054
MSG-0208,2025-01-17T10:16:23Z,Lucas Weber @ Titan Brokers,broker-chat,EURUSD SPOT 0.9002/0.9004 GOOD FOR 100M,FX,EURUSD,100000000.0,,0.028291999999874307
MSG-0209,2025-01-17T10:21:29Z,Yuki Tanaka @ Pacific Securities,broker-chat,MSFT OFFERED AT 425.29 FOR 56K SHARES,EQUITY,MSFT,56000.0,425.29,0.052083000000147095
MSG-0210,2025-01-17T10:29:41Z,Emma Fitzgerald @ Pinnacle Markets,sales-desk,"CORRELATION BREAKING DOWN BETWEEN EQUITIES AND RATES, UNUSUAL REGIME",,,,,0.007416000000093348
MSG-0211,2025-01-17T10:31:09Z,Sarah Mitchell @ Meridian Markets,internal,CAN YOU SEND ME THAT SPREADSHEET AGAIN?,,,,,0.0070410000001519535
MSG-0212,2025-01-17T10:36:17Z,Chris (Middle Office),internal,"CREDIT LINE FOR TITAN BROKERS INCREASED TO $50MM, EFFECTIVE TODAY",,,,,0.007332999999887235
MSG-0213,2025-01-17T10:48:52Z,Priya Sharma @ Eastbridge Partners,broker-chat,"NEED TO BUY 5M USDCHF, CAN YOU HELP?",FX,USDCHF,5000000.0,,0.02862499999989332
MSG-0214,2025-01-17T10:58:00Z,Anna (Compliance),broker-chat,THOUGHT THE TOWN HALL WAS REALLY GOOD TODAY,,,,,0.14695799999997483
MSG-0215,2025-01-17T11:05:35Z,Mike (Sales),sales-desk,COUNTERPARTY CREDIT REVIEW MEETING AT 15:00 IN ROOM 4B,,,,,0.008000000000008
MSG-0216,2025-01-17T11:08:24Z,Sarah Mitchell @ Meridian Markets,broker-chat,"NEED A MARKET IN TSLA, 57K SHARES",EQUITY,TSLA,57000.0,,0.04500000000007276
MSG-0217,2025-01-17T11:18:41Z,Emma Fitzgerald @ Pinnacle Markets,broker-chat,"US DURABLE GOODS DATA IN 30 MIN, CONSENSUS AT +0.5% M/M",,,30.0,,0.17920899999990247
MSG-0218,2025-01-17T11:19:37Z,Sarah Mitchell @ Meridian Markets,internal,PLEASE CONFIRM YOUR POSITIONS BEFORE THE 16:00 CUT,,,,,0.006916999999884155
MSG-0219,2025-01-17T11:35:36Z,Alex Chen @ Apex Capital,broker-chat,"CLIENT CHANGED THEIR MIND, CANCEL THE GBPUSD RFQ FROM EARLIER",FX,GBPUSD,,,0.02416700000007488
MSG-0220,2025-01-17T11:39:14Z,James O'Brien @ Northpoint Securities,broker-chat,SHOWING JGB 10Y AT 2.805 IN 100MM,BONDS,JGB,,2.805,0.11408300000015359
MSG-0221,2025-01-17T12:09:26Z,Emma Fitzgerald @ Pinnacle Markets,broker-chat,"I'M 81.12 ON GOOGL, 62K AVAILABLE",EQUITY,GOOGL,62000.0,,0.050625000000081855
MSG-0222,2025-01-17T12:17:52Z,David Laurent @ Crescent Capital,sales-desk,PBOC SET TO ANNOUNCE RESERVE REQUIREMENT RATIO CHANGE THIS WEEKEND PER SOURCES,,,,,0.006959000000028581
MSG-0223,2025-01-17T12:24:49Z,Maria Santos @ Atlantic Trading,sales-desk,"BOE DECISION THURSDAY, MARKET PRICING 60% CHANCE OF A HOLD",,,,,0.006750000000055323
MSG-0224,2025-01-17T12:37:40Z,Maria Santos @ Atlantic Trading,broker-chat,PLS QUOTE EURJPY 25M,FX,EURJPY,25000000.0,,0.02304200000002865
MSG-0225,2025-01-17T12:48:47Z,Maria Santos @ Atlantic Trading,broker-chat,UST 5Y OFFERED AT 4.334 FOR 25MM,BONDS,UST,,4.334,0.10150000000019865
MSG-0226,2025-01-17T12:58:05Z,Ben (IT Support),internal,PRINTER ON 3RD FLOOR IS BROKEN AGAIN,,,,,0.00745800000001573
MSG-0227,2025-01-17T12:58:09Z,Ben (IT Support),sales-desk,ANYONE KNOW THE WIFI PASSWORD FOR THE GUEST NETWORK?,,,,,0.006874999999961773
MSG-0228,2025-01-17T13:21:27Z,Maria Santos @ Atlantic Trading,broker-chat,HEY HAPPY MONDAY! QUICK ONE — WHERE'S USDJPY?,FX,USDJPY,,,0.03775000000016959
MSG-0229,2025-01-17T13:22:35Z,Priya Sharma @ Eastbridge Partners,broker-chat,WHATS UR BEST IN 25M NZDUSD?,,,25000000.0,,0.13399999999985646
MSG-0230,2025-01-17T13:23:48Z,Sarah Mitchell @ Meridian Markets,broker-chat,"JAPAN MOF RUMORED TO BE CHECKING RATES, USDJPY STRUGGLING ABOVE 155",FX,USDJPY,155.0,,0.02945799999998222
MSG-0231,2025-01-17T13:31:20Z,James O'Brien @ Northpoint Securities,broker-chat,"YEAR-END PORTFOLIO VALUATION REPORTS DISTRIBUTED, REVIEW BY FRIDAY",,,,,0.17812500000013998
MSG-0232,2025-01-17T14:04:16Z,Maria Santos @ Atlantic Trading,broker-chat,JPM 169.09 BID FOR 38K,EQUITY,JPM,38000.0,,0.061082999999850784
MSG-0233,2025-01-17T14:17:38Z,Alex Chen @ Apex Capital,internal,"ACCESS RIGHTS UPDATED FOR NEW JOINERS, PLEASE VERIFY",,,,,0.006874999999961773
MSG-0234,2025-01-17T14:18:01Z,Sarah Mitchell @ Meridian Markets,broker-chat,"I'M AXED TO SELL UST 5Y AT 4.25 IF YOU'RE INTERESTED, OTHERWISE JUST CATCHING UP",BONDS,UST,,4.25,0.15900000000002024
MSG-0235,2025-01-17T14:22:43Z,David Laurent @ Crescent Capital,broker-chat,SHOWING EURUSD AT 1.1258/1.126 IN 5M,FX,EURUSD,5000000.0,1.1258,0.03470900000013266
MSG-0236,2025-01-17T15:21:32Z,Priya Sharma @ Eastbridge Partners,broker-chat,"LARGE SELLER IN GS, CAN OFFER AT 478.19 FOR 15K",,,15000.0,478.19,0.1699170000000194
MSG-0237,2025-01-17T15:30:12Z,Sarah Mitchell @ Meridian Markets,sales-desk,"SYSTEM MAINTENANCE TONIGHT 22:00-02:00 GMT, NO IMPACT ON TRADING",,,,,0.007250000000125212
MSG-0238,2025-01-17T15:37:05Z,Tom Richards @ Summit Brokerage,internal,WORKING FROM HOME TOMORROW,,,,,0.007166999999919099
MSG-0239,2025-01-17T15:50:19Z,Sarah Mitchell @ Meridian Markets,broker-chat,"CREDIT SPREADS WIDENING OUT, IG INDEX +5BP SINCE THE OPEN",,,,,0.17195799999991657
MSG-0240,2025-01-17T15:54:06Z,Alex Chen @ Apex Capital,broker-chat,I HAVE AUDUSD 1.1296 / 1.1297 LIVE,FX,AUDUSD,1.1296,,0.031832999999981126
MSG-0241,2025-01-17T16:03:50Z,David Laurent @ Crescent Capital,broker-chat,"AUDUSD 0.9326-0.9328 FOR 25M, FIRM 30S",FX,AUDUSD,25000000.0,,0.02837500000008042
MSG-0242,2025-01-17T16:05:59Z,Alex Chen @ Apex Capital,broker-chat,"LARGE SELLER IN AMZN, CAN OFFER AT 231.57 FOR 43K",EQUITY,AMZN,43000.0,231.57,0.061499999999936605
MSG-0243,2025-01-17T16:26:24Z,Ben (IT Support),sales-desk,"NEW COUNTERPARTY SILVERSTONE CAPITAL APPROVED, CREDIT LIMIT SET AT $25MM",,,,,0.007042000000012649
MSG-0244,2025-01-17T16:45:32Z,Tom Richards @ Summit Brokerage,broker-chat,PLS QUOTE USDCAD 200M,FX,USDCAD,200000000.0,,0.01454099999986802
MSG-0245,2025-01-17T16:48:03Z,David Laurent @ Crescent Capital,sales-desk,"EM LOCAL BONDS SELLING OFF, BRAZIL 10Y YIELD UP 15BP",,,,,0.007000000000090267
MSG-0246,2025-01-17T16:53:44Z,Tom Richards @ Summit Brokerage,sales-desk,"HIGH YIELD MARKET SURPRISINGLY RESILIENT, NEW ISSUES OVERSUBSCRIBED",,,,,0.006874999999961773
MSG-0247,2025-01-17T17:01:25Z,Priya Sharma @ Eastbridge Partners,broker-chat,"CAN SHOW YOU 109.33/109.36 IN EURJPY, UP TO 50M",FX,EURJPY,50000000.0,,0.03270799999999241
MSG-0248,2025-01-17T17:07:40Z,David Laurent @ Crescent Capital,broker-chat,BAC OFFERED AT 374.5 FOR 40K SHARES,,,40000.0,374.5,0.13804100000003316
MSG-0249,2025-01-17T17:11:00Z,Tom Richards @ Summit Brokerage,broker-chat,"SPX APPROACHING ALL-TIME HIGHS, RESISTANCE AT 5200",INDICES,SPX,,5200.0,0.1215830000000917
MSG-0250,2025-01-17T17:13:40Z,Lucas Weber @ Titan Brokers,broker-chat,I HAVE AUDUSD 0.7796 / 0.7801 LIVE,FX,AUDUSD,0.7796,,0.03841700000006831
MSG-0251,2025-01-17T17:15:03Z,Yuki Tanaka @ Pacific Securities,sales-desk,"FUNDING MARKETS TIGHTENING INTO QUARTER-END, OVERNIGHT RATES ELEVATED",,,,,0.006957999999945841
MSG-0252,2025-01-17T17:30:13Z,Maria Santos @ Atlantic Trading,broker-chat,"AUDUSD 0.6213-0.6215 FOR 25M, FIRM 30S",FX,AUDUSD,25000000.0,,0.027917000000154957
MSG-0253,2025-01-17T17:44:40Z,Alex Chen @ Apex Capital,broker-chat,USDJPY SPOT 114.87/114.88 GOOD FOR 20M,FX,USDJPY,20000000.0,,0.024666999999922723
MSG-0254,2025-01-17T17:44:48Z,James O'Brien @ Northpoint Securities,broker-chat,CAN YOU QUOTE GBPUSD IN 20M?,FX,GBPUSD,20000000.0,,0.018291000000170143
MSG-0255,2025-01-17T17:56:07Z,Lucas Weber @ Titan Brokers,broker-chat,"CLIENT WANTS TO MOVE 9K AAPL, CAN YOU WORK IT?",EQUITY,AAPL,9000.0,,0.04637499999993189
MSG-0256,2025-01-17T17:59:56Z,James O'Brien @ Northpoint Securities,broker-chat,"NM IGNORE LAST PRICE ON EURUSD, WAS STALE. LET ME REFRESH",FX,EURUSD,,,0.02037500000007242
MSG-0257,2025-01-17T18:18:36Z,Anna (Compliance),internal,HAPPY FRIDAY!,,,,,0.007209000000063526
MSG-0258,2025-01-17T18:51:09Z,Mike (Sales),sales-desk,COMPLIANCE REMINDER: ALL TRADES OVER 50MM NEED PRE-APPROVAL,,,,,0.006790999999894964
MSG-0259,2025-01-17T19:00:47Z,Alex Chen @ Apex Capital,broker-chat,"CAN SHOW YOU 1.3586/1.3587 IN EURGBP, UP TO 10M",FX,EURGBP,10000000.0,,0.0284170000000028
MSG-0260,2025-01-17T19:04:50Z,Alex Chen @ Apex Capital,broker-chat,SHOWING NZDUSD AT 1.0965/1.097 IN 50M,,,50000000.0,1.0965,0.14395900000008233
MSG-0261,2025-01-17T19:22:17Z,Yuki Tanaka @ Pacific Securities,broker-chat,TSLA OFFERED AT 372.92 FOR 21K SHARES,EQUITY,TSLA,21000.0,372.92,0.04795799999990358
MSG-0262,2025-01-17T19:24:00Z,Priya Sharma @ Eastbridge Partners,broker-chat,"CLIENT NEEDS 50M USDJPY, WHAT CAN YOU DO?",FX,USDJPY,50000000.0,,0.021833999999998355
MSG-0263,2025-01-17T19:45:09Z,Maria Santos @ Atlantic Trading,broker-chat,"CLIENT NEEDS 5M NZDUSD, WHAT CAN YOU DO?",,,5000000.0,,0.14270799999982486
MSG-0264,2025-01-20T06:01:33Z,Anna (Compliance),sales-desk,QUARTERLY BEST EXECUTION REPORT DUE NEXT WEDNESDAY,,,,,0.007083000000074335
MSG-0265,2025-01-20T06:07:59Z,Lucas Weber @ Titan Brokers,sales-desk,"COMMODITIES COMPLEX RALLYING, COPPER AND IRON ORE BOTH UP 3%",,,,,0.006833999999900087
MSG-0266,2025-01-20T06:14:13Z,Maria Santos @ Atlantic Trading,broker-chat,"I CAN OFFER BUND 10Y AT 1.603, 25MM CLIP",BONDS,BUND,,1.603,0.11175000000007707
MSG-0267,2025-01-20T06:14:34Z,Priya Sharma @ Eastbridge Partners,broker-chat,EURUSD SPOT 1.1869/1.187 GOOD FOR 5M,FX,EURUSD,5000000.0,,0.020750000000013813
MSG-0268,2025-01-20T06:16:41Z,Alex Chen @ Apex Capital,broker-chat,"JAPAN MOF RUMORED TO BE CHECKING RATES, USDJPY STRUGGLING ABOVE 155",FX,USDJPY,155.0,,0.028874999999928264
MSG-0269,2025-01-20T06:19:42Z,James O'Brien @ Northpoint Securities,broker-chat,WHERE WOULD YOU SHOW EURUSD IN 100M?,FX,EURUSD,100000000.0,,0.017417000000019556
MSG-0270,2025-01-20T06:23:12Z,David Laurent @ Crescent Capital,broker-chat,WHATS UR BEST IN 5M NZDUSD?,,,5000000.0,,0.1219580000000331
MSG-0271,2025-01-20T06:35:26Z,Maria Santos @ Atlantic Trading,broker-chat,"LOOKING FOR A BID ON AAPL BLOCK, ~76K",EQUITY,AAPL,76000.0,,0.04466700000005375
MSG-0272,2025-01-20T06:50:23Z,Lucas Weber @ Titan Brokers,broker-chat,UST 30Y MKT: 3.545 / 3.525,BONDS,UST,3.545,,0.09529099999983082
MSG-0273,2025-01-20T06:50:48Z,Emma Fitzgerald @ Pinnacle Markets,broker-chat,MKT IN AUDUSD: 1.2705 / 1.2708,FX,AUDUSD,1.2705,,0.02975000000016159
MSG-0274,2025-01-20T06:55:49Z,Lucas Weber @ Titan Brokers,broker-chat,"LOOKING TO SELL 10MM UST 5Y, WHERE ARE YOU?",BONDS,UST,,,0.11170799999993264
MSG-0275,2025-01-20T06:59:57Z,Maria Santos @ Atlantic Trading,broker-chat,CAN YOU QUOTE USDCHF IN 5M?,FX,USDCHF,5000000.0,,0.02549999999978958
MSG-0276,2025-01-20T07:00:06Z,Alex Chen @ Apex Capital,broker-chat,RFQ: 25M GBPUSD SPOT PLS,FX,GBPUSD,25000000.0,,0.016833000000104903
MSG-0277,2025-01-20T07:08:19Z,Maria Santos @ Atlantic Trading,broker-chat,META 498.59 BID FOR 75K,EQUITY,META,75000.0,,0.03975000000000506
MSG-0278,2025-01-20T07:17:49Z,Priya Sharma @ Eastbridge Partners,internal,"GOOD CHAT, LETS CATCH UP AGAIN NEXT WEEK",,,,,0.007124999999996717
MSG-0279,2025-01-20T07:19:10Z,Priya Sharma @ Eastbridge Partners,broker-chat,"EURGBP 1.3041-1.3046 FOR 200M, FIRM 30S",FX,EURGBP,200000000.0,,0.026499999999929358
MSG-0280,2025-01-20T07:22:22Z,David Laurent @ Crescent Capital,broker-chat,GBPJPY 123.96/123.98,,,123.96,,0.11820799999995302
MSG-0281,2025-01-20T07:23:25Z,Sarah Mitchell @ Meridian Markets,broker-chat,"LOOKING TO SELL 50MM UST 5Y, WHERE ARE YOU?",BONDS,UST,,,0.11545800000001272
MSG-0282,2025-01-20T07:28:38Z,Yuki Tanaka @ Pacific Securities,broker-chat,"SAW YOUR EMAIL, WILL RESPOND PROPERLY AFTER LUNCH",,,,,0.1546660000000255
MSG-0283,2025-01-20T07:28:46Z,Lucas Weber @ Titan Brokers,broker-chat,NZDUSD SPOT 0.9561/0.9566 GOOD FOR 10M,,,10000000.0,,0.14324999999981713
MSG-0284,2025-01-20T07:29:39Z,Yuki Tanaka @ Pacific Securities,broker-chat,"I CAN OFFER OAT 10Y AT 3.138, 50MM CLIP",BONDS,OAT,,3.138,0.11462500000014586
MSG-0285,2025-01-20T07:40:50Z,Mike (Sales),broker-chat,"OPEC MEETING THIS WEEKEND, RUMOURS OF PRODUCTION CUT EXTENSION",,,,,0.17412500000002495
MSG-0286,2025-01-20T07:43:49Z,Tom Richards @ Summit Brokerage,broker-chat,WHERE WOULD YOU SHOW NZDUSD IN 100M?,,,100000000.0,,0.1367910000000805
MSG-0287,2025-01-20T07:46:51Z,Lucas Weber @ Titan Brokers,broker-chat,WHATS YOUR AXE IN UST 2Y?,BONDS,UST,,,0.08891699999979963
MSG-0288,2025-01-20T08:08:17Z,David Laurent @ Crescent Capital,broker-chat,SHOWING USDCAD AT 1.0164/1.0165 IN 25M,FX,USDCAD,25000000.0,1.0164,0.020665999999947005
MSG-0289,2025-01-20T08:17:05Z,David Laurent @ Crescent Capital,broker-chat,USDCAD 0.9591/0.9594,FX,USDCAD,0.9591,,0.020750000000013813
MSG-0290,2025-01-20T08:19:20Z,Priya Sharma @ Eastbridge Partners,broker-chat,"CLIENT NEEDS 5M NZDUSD, WHAT CAN YOU DO?",,,5000000.0,,0.14429200000010134
MSG-0291,2025-01-20T08:20:45Z,Lucas Weber @ Titan Brokers,broker-chat,"LOOKING TO BUY 10MM BUND 10Y, WHERE ARE YOU?",BONDS,BUND,,,0.11099999999997223
MSG-0292,2025-01-20T08:23:20Z,Chris (Middle Office),internal,"SYSTEM MAINTENANCE TONIGHT 22:00-02:00 GMT, NO IMPACT ON TRADING",,,,,0.007207999999980785
MSG-0293,2025-01-20T08:31:40Z,Laura (Risk),internal,"FIX CONNECTION TO EXCHANGE RESTORED, ALL SYSTEMS GREEN",,,,,0.006791999999977705
MSG-0294,2025-01-20T08:36:24Z,Laura (Risk),broker-chat,"EM CURRENCIES UNDER PRESSURE, TRY AND ZAR LEADING THE SELL-OFF",,,,,0.17662500000015235
MSG-0295,2025-01-20T08:41:55Z,Emma Fitzgerald @ Pinnacle Markets,broker-chat,"NEED TO SELL 200M USDCAD, CAN YOU HELP?",FX,USDCAD,200000000.0,,0.016457999999941464
MSG-0296,2025-01-20T08:48:34Z,Maria Santos @ Atlantic Trading,broker-chat,WHATS YOUR AXE IN UST 5Y?,BONDS,UST,,,0.09049999999999336
MSG-0297,2025-01-20T08:49:08Z,David Laurent @ Crescent Capital,broker-chat,"I CAN OFFER GILT 10Y AT 5.25, 100MM CLIP",BONDS,GILT,,5.25,0.11287499999990125
MSG-0298,2025-01-20T08:50:13Z,Yuki Tanaka @ Pacific Securities,broker-chat,NEED A BID ON 25MM UST 2Y,BONDS,UST,,,0.09137500000000465
MSG-0299,2025-01-20T08:52:43Z,Tom Richards @ Summit Brokerage,broker-chat,"LOOKING TO BUY 100MM BUND 10Y, WHERE ARE YOU?",BONDS,BUND,,,0.11316599999999788
MSG-0300,2025-01-20T08:59:47Z,Tom Richards @ Summit Brokerage,broker-chat,PLS QUOTE NZDUSD 20M,,,20000000.0,,0.1104590000000627
MSG-0301,2025-01-20T09:16:13Z,Alex Chen @ Apex Capital,broker-chat,NEED A PRICE IN 50M GBPJPY,,,50000000.0,,0.12200000000017752
MSG-0302,2025-01-20T09:20:15Z,Yuki Tanaka @ Pacific Securities,broker-chat,CAN YOU QUOTE NZDUSD IN 100M?,,,100000000.0,,0.1275839999999029
MSG-0303,2025-01-20T09:27:06Z,David Laurent @ Crescent Capital,broker-chat,"GILT MARKET STABILIZING AFTER YESTERDAY'S SELL-OFF, 10Y BACK BELOW 4.5%",BONDS,GILT,4.5,,0.14449999999999186
MSG-0304,2025-01-20T09:28:23Z,David Laurent @ Crescent Capital,broker-chat,"GBPJPY 159.03-159.04 FOR 100M, FIRM 30S",,,100000000.0,,0.14399999999992197
MSG-0305,2025-01-20T09:28:37Z,Yuki Tanaka @ Pacific Securities,broker-chat,"CLIENT NEEDS 50M EURGBP, WHAT CAN YOU DO?",FX,EURGBP,50000000.0,,0.021832999999915614
MSG-0306,2025-01-20T09:28:48Z,Chris (Middle Office),sales-desk,"AUDIT TEAM REQUESTING TRADE RECORDS FOR Q3, DEADLINE NEXT FRIDAY",,,,,0.006874999999961773
MSG-0307,2025-01-20T09:29:23Z,Alex Chen @ Apex Capital,broker-chat,PLEASE UPDATE YOUR P&L BY 17:00 FOR MONTH-END,,,17.0,,0.1542919999999448
MSG-0308,2025-01-20T09:34:47Z,Alex Chen @ Apex Capital,broker-chat,UST 2Y OFFERED AT 4.877 FOR 50MM,BONDS,UST,,4.877,0.10220799999993702
MSG-0309,2025-01-20T09:36:34Z,James O'Brien @ Northpoint Securities,broker-chat,"LOOKING TO SELL 50MM GILT 10Y, WHERE ARE YOU?",BONDS,GILT,,,0.11341699999989352
MSG-0310,2025-01-20T09:36:53Z,Yuki Tanaka @ Pacific Securities,broker-chat,"HEADS UP - ABOUT TO HIT YOUR BID ON THE EURGBP, CONFIRMING 10M AT 0.8550",FX,EURGBP,10000000.0,0.855,0.028332999999935993
MSG-0311,2025-01-20T09:37:34Z,Sarah Mitchell @ Meridian Markets,broker-chat,WHATS YOUR AXE IN BUND 10Y?,BONDS,BUND,,,0.09254199999997326
MSG-0312,2025-01-20T09:40:14Z,Priya Sharma @ Eastbridge Partners,broker-chat,"USDCHF 1.2269-1.2274 FOR 10M, FIRM 30S",FX,USDCHF,10000000.0,,0.031375000000055664
MSG-0313,2025-01-20T09:44:38Z,Priya Sharma @ Eastbridge Partners,broker-chat,MSFT 477.99 BID FOR 31K,EQUITY,MSFT,31000.0,,0.04325000000005019
MSG-0314,2025-01-20T09:44:58Z,James O'Brien @ Northpoint Securities,broker-chat,CRYPTO VOLATILITY SPILLING OVER INTO TRADITIONAL MARKETS TODAY,,,,,0.32520800000002126
MSG-0315,2025-01-20T09:47:25Z,Alex Chen @ Apex Capital,sales-desk,"NETTING BREAK ON LAST WEEK'S JPY TRADES, CAN WE RECONCILE?",,,,,0.05079100000004999
MSG-0316,2025-01-20T09:51:25Z,Ben (IT Support),sales-desk,"DAILY RISK REPORT ATTACHED, VAR AT 85% OF LIMIT",,,,,0.007874999999879506
MSG-0317,2025-01-20T09:54:14Z,James O'Brien @ Northpoint Securities,sales-desk,HEARING LARGE SOVEREIGN BUYING IN EURUSD THROUGH ASIAN DESKS OVERNIGHT,,,,,0.012166999999951855
MSG-0318,2025-01-20T10:17:03Z,Chris (Middle Office),sales-desk,ANY RECOMMENDATIONS FOR RESTAURANTS NEAR BANK?,,,,,0.007958999999946315
MSG-0319,2025-01-20T10:22:55Z,Mike (Sales),sales-desk,"FIX CONNECTION TO EXCHANGE RESTORED, ALL SYSTEMS GREEN",,,,,0.009750000000030568
MSG-0320,2025-01-20T10:30:50Z,Sarah Mitchell @ Meridian Markets,broker-chat,"LOOKING TO BUY 50MM UST 5Y, WHERE ARE YOU?",BONDS,UST,,,0.14899999999995472
MSG-0321,2025-01-20T10:30:52Z,David Laurent @ Crescent Capital,broker-chat,RFQ: UST 30Y 50MM,BONDS,UST,,,0.0826659999999535
MSG-0322,2025-01-20T10:49:44Z,Priya Sharma @ Eastbridge Partners,broker-chat,"CLIENT LOOKING FOR JGB 10Y IN SIZE, 100MM",BONDS,JGB,,,0.11654100000013656
MSG-0323,2025-01-20T10:51:15Z,Maria Santos @ Atlantic Trading,broker-chat,"LOOKING TO BUY 25MM OAT 10Y, WHERE ARE YOU?",BONDS,OAT,,,0.111667000000093
MSG-0324,2025-01-20T11:04:19Z,Maria Santos @ Atlantic Trading,broker-chat,CAN YOU QUOTE EURJPY IN 50M?,FX,EURJPY,50000000.0,,0.028125000000045475
MSG-0325,2025-01-20T11:07:59Z,Alex Chen @ Apex Capital,broker-chat,GBPUSD SPOT 1.4786/1.4788 GOOD FOR 25M,FX,GBPUSD,25000000.0,,0.023874999999895508
MSG-0326,2025-01-20T11:33:33Z,Lucas Weber @ Titan Brokers,broker-chat,"LARGE SELLER IN TSLA, CAN OFFER AT 93.71 FOR 41K",EQUITY,TSLA,41000.0,93.71,0.0524170000000268
MSG-0327,2025-01-20T11:36:38Z,James O'Brien @ Northpoint Securities,broker-chat,"CLIENT NEEDS 100M AUDUSD, WHAT CAN YOU DO?",FX,AUDUSD,100000000.0,,0.024000000000024002
MSG-0328,2025-01-20T11:44:04Z,Yuki Tanaka @ Pacific Securities,internal,SORRY WRONG CHAT!,,,,,0.007166999999919099
MSG-0329,2025-01-20T11:49:18Z,Emma Fitzgerald @ Pinnacle Markets,broker-chat,STILL WAITING FOR IT TO FIX MY BLOOMBERG TERMINAL,,,,,0.15841699999996628
MSG-0330,2025-01-20T11:50:08Z,Lucas Weber @ Titan Brokers,broker-chat,CAN YOU QUOTE NZDUSD IN 100M?,,,100000000.0,,0.1265000000001404
MSG-0331,2025-01-20T11:57:24Z,Maria Santos @ Atlantic Trading,broker-chat,SHOWING OAT 10Y AT 2.227 IN 50MM,BONDS,OAT,,2.227,0.10654199999993175
MSG-0332,2025-01-20T12:00:45Z,James O'Brien @ Northpoint Securities,sales-desk,ISDA DOCS FOR THE NEW COUNTERPARTY ARE READY FOR REVIEW,,,,,0.007375000000031662
MSG-0333,2025-01-20T12:01:47Z,James O'Brien @ Northpoint Securities,internal,"TRAIN WAS DELAYED, ABSOLUTE NIGHTMARE",,,,,0.006749999999833278
MSG-0334,2025-01-20T12:05:43Z,Priya Sharma @ Eastbridge Partners,broker-chat,"NEED A MARKET IN META, 40K SHARES",EQUITY,META,40000.0,,0.04062500000001634
MSG-0335,2025-01-20T12:09:19Z,Maria Santos @ Atlantic Trading,internal,GM,,,,,0.007000000000090267
MSG-0336,2025-01-20T12:13:27Z,Emma Fitzgerald @ Pinnacle Markets,broker-chat,"LOOKING TO BUY 5MM UST 10Y, WHERE ARE YOU?",BONDS,UST,,,0.10404099999994365
MSG-0337,2025-01-20T12:23:34Z,Mike (Sales),sales-desk,PRINTER ON 3RD FLOOR IS BROKEN AGAIN,,,,,0.007207999999980785
MSG-0338,2025-01-20T12:27:11Z,Yuki Tanaka @ Pacific Securities,broker-chat,"CLIENT NEEDS 25M EURGBP, WHAT CAN YOU DO?",FX,EURGBP,25000000.0,,0.022332999999985503
MSG-0339,2025-01-20T12:34:24Z,Tom Richards @ Summit Brokerage,broker-chat,"NEED TO BUY 5M EURGBP, CAN YOU HELP?",FX,EURGBP,5000000.0,,0.022584000000103188
MSG-0340,2025-01-20T12:39:25Z,Lucas Weber @ Titan Brokers,broker-chat,MKT IN USDCAD: 1.2917 / 1.292,FX,USDCAD,1.2917,,0.020874999999920263
MSG-0341,2025-01-20T12:44:25Z,Lucas Weber @ Titan Brokers,broker-chat,UST 5Y OFFERED AT 3.736 FOR 50MM,BONDS,UST,,3.736,0.10100000000012876
MSG-0342,2025-01-20T12:44:57Z,James O'Brien @ Northpoint Securities,sales-desk,SSI UPDATE: PINNACLE MARKETS CHANGED THEIR USD NOSTRO TO CITI,,,,,0.00758400000000492
MSG-0343,2025-01-20T12:45:53Z,Lucas Weber @ Titan Brokers,broker-chat,UST 10Y 3.924/3.914,BONDS,UST,3.924,,0.08558299999994468
MSG-0344,2025-01-20T12:51:55Z,Sarah Mitchell @ Meridian Markets,broker-chat,"LOOKING FOR A PRICE IN USDCAD, 5M CLIP",FX,USDCAD,5000000.0,,0.016166000000206182
MSG-0345,2025-01-20T12:57:25Z,James O'Brien @ Northpoint Securities,broker-chat,MKT IN USDJPY: 145.35 / 145.36,FX,USDJPY,145.35,,0.02629200000003884
MSG-0346,2025-01-20T13:03:22Z,Laura (Risk),sales-desk,👍,,,,,0.007291000000186898
MSG-0347,2025-01-20T13:07:43Z,Maria Santos @ Atlantic Trading,sales-desk,"HEADING OUT EARLY TODAY, KID'S SCHOOL THING",,,,,0.006708999999993637
MSG-0348,2025-01-20T13:09:36Z,Lucas Weber @ Titan Brokers,broker-chat,EURJPY SPOT 119.87/119.88 GOOD FOR 5M,FX,EURJPY,5000000.0,,0.02999999999997449
MSG-0349,2025-01-20T13:10:05Z,David Laurent @ Crescent Capital,broker-chat,BUND 10Y MKT: 4.514 / 4.464,BONDS,BUND,4.514,,0.09754200000000601
MSG-0350,2025-01-20T13:10:46Z,Yuki Tanaka @ Pacific Securities,internal,SOUNDS GOOD TO ME,,,,,0.00745800000001573
MSG-0351,2025-01-20T13:11:58Z,Emma Fitzgerald @ Pinnacle Markets,broker-chat,"NEED A MARKET IN AMZN, 21K SHARES",EQUITY,AMZN,21000.0,,0.0500420000000279
MSG-0352,2025-01-20T13:14:22Z,Sarah Mitchell @ Meridian Markets,broker-chat,"CLIENT WANTS TO MOVE 58K GOOGL, CAN YOU WORK IT?",EQUITY,GOOGL,58000.0,,0.054540999999908024
MSG-0353,2025-01-20T13:14:34Z,Laura (Risk),broker-chat,ISDA DOCS FOR THE NEW COUNTERPARTY ARE READY FOR REVIEW,,,,,0.16512499999987718
MSG-0354,2025-01-20T13:17:02Z,James O'Brien @ Northpoint Securities,broker-chat,SHOWING UST 5Y AT 2.053 IN 50MM,BONDS,UST,,2.053,0.09937500000001265
MSG-0355,2025-01-20T13:29:06Z,Laura (Risk),internal,MARKET DATA VENDOR CONTRACT RENEWAL DUE IN 2 WEEKS,,,,,0.006874999999961773
MSG-0356,2025-01-20T13:33:45Z,Lucas Weber @ Titan Brokers,broker-chat,WHERE WOULD YOU SHOW USDCAD IN 50M?,FX,USDCAD,50000000.0,,0.015292000000055594
MSG-0357,2025-01-20T13:34:41Z,Laura (Risk),sales-desk,"YUAN FIXING CAME IN WEAKER THAN EXPECTED, OFFSHORE SELLING PICKING UP",,,,,0.006999999999868223
MSG-0358,2025-01-20T13:36:03Z,Ben (IT Support),broker-chat,DRINKS AFTER WORK ON FRIDAY? USUAL PLACE,,,,,0.14099999999994672
MSG-0359,2025-01-20T13:41:12Z,David Laurent @ Crescent Capital,internal,"ENJOY YOUR HOLIDAY, CATCH UP WHEN YOU'RE BACK",,,,,0.007540999999999798
MSG-0360,2025-01-20T13:42:31Z,David Laurent @ Crescent Capital,broker-chat,MKT IN USDJPY: 158.01 / 158.04,FX,USDJPY,158.01,,0.026249999999894413
MSG-0361,2025-01-20T13:43:51Z,David Laurent @ Crescent Capital,broker-chat,WHERE WOULD YOU SHOW EURJPY IN 5M?,FX,EURJPY,5000000.0,,0.025708000000124187
MSG-0362,2025-01-20T13:49:43Z,James O'Brien @ Northpoint Securities,broker-chat,"CREDIT SPREADS WIDENING OUT, IG INDEX +5BP SINCE THE OPEN",,,,,0.17062499999997982
MSG-0363,2025-01-20T13:49:49Z,Sarah Mitchell @ Meridian Markets,broker-chat,SHOWING USDJPY AT 156.34/156.36 IN 20M,FX,USDJPY,20000000.0,156.34,0.02954200000004903
MSG-0364,2025-01-20T13:55:54Z,Alex Chen @ Apex Capital,internal,"CROSS-BORDER PAYMENT FLAGGED BY COMPLIANCE, NEED ADDITIONAL DOCS",,,,,0.006917000000106199
MSG-0365,2025-01-20T14:08:46Z,Chris (Middle Office),internal,PLEASE CONFIRM YOUR POSITIONS BEFORE THE 16:00 CUT,,,,,0.006832999999817346
MSG-0366,2025-01-20T14:23:03Z,Laura (Risk),sales-desk,"NICE ONE, APPRECIATE IT",,,,,0.006833000000039391
MSG-0367,2025-01-20T14:24:20Z,James O'Brien @ Northpoint Securities,broker-chat,CAN YOU QUOTE GBPJPY IN 50M?,,,50000000.0,,0.12404100000007467
MSG-0368,2025-01-20T14:26:06Z,Yuki Tanaka @ Pacific Securities,broker-chat,"DESK IS SO QUIET TODAY, EVERYONE ON HOLIDAY?",,,,,0.14866600000007502
MSG-0369,2025-01-20T14:30:03Z,David Laurent @ Crescent Capital,broker-chat,WHERE WOULD YOU SHOW EURJPY IN 200M?,FX,EURJPY,200000000.0,,0.025041999999864117
MSG-0370,2025-01-20T14:31:45Z,Tom Richards @ Summit Brokerage,sales-desk,"DESK IS SO QUIET TODAY, EVERYONE ON HOLIDAY?",,,,,0.006916999999884155
MSG-0371,2025-01-20T14:31:56Z,Lucas Weber @ Titan Brokers,broker-chat,"I'M 157.43 ON NVDA, 11K AVAILABLE",,,11000.0,,0.13537499999993763
MSG-0372,2025-01-20T14:32:07Z,Yuki Tanaka @ Pacific Securities,broker-chat,NEED A PRICE IN 5M GBPUSD,FX,GBPUSD,5000000.0,,0.017917000000089445
MSG-0373,2025-01-20T14:33:08Z,James O'Brien @ Northpoint Securities,broker-chat,WHATS YOUR AXE IN UST 5Y?,BONDS,UST,,,0.08950000000007563
MSG-0374,2025-01-20T14:37:44Z,Sarah Mitchell @ Meridian Markets,sales-desk,COUNTERPARTY CREDIT REVIEW MEETING AT 15:00 IN ROOM 4B,,,,,0.00733300000010928
MSG-0375,2025-01-20T14:40:20Z,James O'Brien @ Northpoint Securities,broker-chat,GBPUSD SPOT 1.0084/1.0087 GOOD FOR 50M,FX,GBPUSD,50000000.0,,0.023166000000074405
MSG-0376,2025-01-20T15:02:55Z,Sarah Mitchell @ Meridian Markets,broker-chat,"LOOKING FOR A BID ON AMZN BLOCK, ~51K",EQUITY,AMZN,51000.0,,0.05291700000009669
MSG-0377,2025-01-20T15:03:55Z,Alex Chen @ Apex Capital,broker-chat,RFQ: BUND 10Y 5MM,BONDS,BUND,,,0.08591700000004643
MSG-0378,2025-01-20T15:06:59Z,Maria Santos @ Atlantic Trading,broker-chat,"CAN SHOW YOU 0.8502/0.8505 IN USDCHF, UP TO 10M",FX,USDCHF,10000000.0,,0.034958000000084866
MSG-0379,2025-01-20T15:11:52Z,Mike (Sales),sales-desk,"JAPAN MOF RUMORED TO BE CHECKING RATES, USDJPY STRUGGLING ABOVE 155",,,,,0.007207999999980785
MSG-0380,2025-01-20T15:14:46Z,David Laurent @ Crescent Capital,internal,HAHA NICE ONE,,,,,0.006791000000117009
MSG-0381,2025-01-20T15:15:44Z,Alex Chen @ Apex Capital,sales-desk,"BANK EARNINGS SEASON KICKS OFF TOMORROW, OPTIONS MARKET IMPLIES 3% MOVES",,,,,0.006624999999926828
MSG-0382,2025-01-20T15:25:34Z,Tom Richards @ Summit Brokerage,broker-chat,"EM CURRENCIES UNDER PRESSURE, TRY AND ZAR LEADING THE SELL-OFF",,,,,0.17691600000002694
MSG-0383,2025-01-20T15:25:49Z,Laura (Risk),broker-chat,"EQUITY DESKS REPORTING HEAVY SELLING IN TECH NAMES, ROTATION INTO VALUE",,,,,0.1887080000000374
MSG-0384,2025-01-20T15:39:12Z,Sarah Mitchell @ Meridian Markets,broker-chat,SHOWING AUDUSD AT 1.3062/1.3067 IN 10M,FX,AUDUSD,10000000.0,1.3062,0.028875000000150308
MSG-0385,2025-01-20T15:40:58Z,Tom Richards @ Summit Brokerage,broker-chat,"LOOKING FOR A PRICE IN AUDUSD, 50M CLIP",FX,AUDUSD,50000000.0,,0.02445899999981016
MSG-0386,2025-01-20T15:42:02Z,David Laurent @ Crescent Capital,sales-desk,"ASIA SESSION WAS QUIET, MOSTLY POSITION SQUARING AHEAD OF DATA",,,,,0.007250000000125212
MSG-0387,2025-01-20T15:46:26Z,Maria Santos @ Atlantic Trading,broker-chat,AUDUSD 1.4718/1.4719,FX,AUDUSD,1.4718,,0.02720900000019455
MSG-0388,2025-01-20T15:47:49Z,Alex Chen @ Apex Capital,broker-chat,"YEAR-END PORTFOLIO VALUATION REPORTS DISTRIBUTED, REVIEW BY FRIDAY",,,,,0.17837499999995288
MSG-0389,2025-01-20T15:49:59Z,James O'Brien @ Northpoint Securities,sales-desk,"NEW COUNTERPARTY SILVERSTONE CAPITAL APPROVED, CREDIT LIMIT SET AT $25MM",,,,,0.007083000000074335
MSG-0390,2025-01-20T15:50:15Z,Yuki Tanaka @ Pacific Securities,broker-chat,SHOWING JGB 10Y AT 2.845 IN 10MM,BONDS,JGB,,2.845,0.11308300000001381
MSG-0391,2025-01-20T15:56:47Z,Tom Richards @ Summit Brokerage,broker-chat,RFQ: BUND 10Y 5MM,BONDS,BUND,,,0.08099999999999774
MSG-0392,2025-01-20T16:03:33Z,Mike (Sales),sales-desk,CRYPTO VOLATILITY SPILLING OVER INTO TRADITIONAL MARKETS TODAY,,,,,0.006959000000028581
MSG-0393,2025-01-20T16:04:31Z,Chris (Middle Office),internal,DRINKS AFTER WORK ON FRIDAY? USUAL PLACE,,,,,0.006916999999884155
MSG-0394,2025-01-20T16:10:28Z,James O'Brien @ Northpoint Securities,broker-chat,WHATS UR BEST IN 200M NZDUSD?,,,200000000.0,,0.13908399999995602
MSG-0395,2025-01-20T16:24:05Z,Mike (Sales),internal,"NETTING BREAK ON LAST WEEK'S JPY TRADES, CAN WE RECONCILE?",,,,,0.007042000000012649
MSG-0396,2025-01-20T16:27:10Z,Priya Sharma @ Eastbridge Partners,broker-chat,USDJPY SPOT 101.5/101.53 GOOD FOR 10M,FX,USDJPY,10000000.0,,0.02470900000006715
MSG-0397,2025-01-20T16:28:00Z,Sarah Mitchell @ Meridian Markets,broker-chat,RFQ: GILT 10Y 10MM,BONDS,GILT,,,0.08379199999986042
MSG-0398,2025-01-20T16:31:08Z,Maria Santos @ Atlantic Trading,broker-chat,"NEED TO SELL 25M EURUSD, CAN YOU HELP?",FX,EURUSD,25000000.0,,0.01704200000007816
MSG-0399,2025-01-20T16:31:26Z,David Laurent @ Crescent Capital,broker-chat,GILT 10Y OFFERED AT 3.983 FOR 25MM,BONDS,GILT,,3.983,0.10549999999986959
MSG-0400,2025-01-20T16:32:59Z,Anna (Compliance),sales-desk,LOL,,,,,0.007291000000186898
MSG-0401,2025-01-20T16:45:55Z,Emma Fitzgerald @ Pinnacle Markets,broker-chat,"AMZN: 390.21 LAST, I CAN IMPROVE BY 50C ON 40K",EQUITY,AMZN,40000.0,,0.05891599999996444
MSG-0402,2025-01-20T16:46:39Z,Lucas Weber @ Titan Brokers,sales-desk,"LEVERAGED ETF REBALANCING EXPECTED INTO CLOSE, COULD PUSH VOL HIGHER",,,,,0.006792000000199749
MSG-0403,2025-01-20T16:52:06Z,Laura (Risk),sales-desk,"CORRELATION BREAKING DOWN BETWEEN EQUITIES AND RATES, UNUSUAL REGIME",,,,,0.006790999999894964
MSG-0404,2025-01-20T16:57:03Z,James O'Brien @ Northpoint Securities,internal,"SETTLEMENT INSTRUCTIONS UPDATED FOR APEX CAPITAL, SEE ATTACHED",,,,,0.007083000000074335
MSG-0405,2025-01-20T16:57:34Z,Priya Sharma @ Eastbridge Partners,broker-chat,SHOWING GBPJPY AT 153.13/153.16 IN 50M,,,50000000.0,153.13,0.14220799999997702
MSG-0406,2025-01-20T17:12:30Z,Tom Richards @ Summit Brokerage,sales-desk,"NFP ON FRIDAY, WHISPER NUMBER IS 200K+ VS CONSENSUS 180K",,,,,0.007499999999938112
MSG-0407,2025-01-20T17:17:08Z,Sarah Mitchell @ Meridian Markets,sales-desk,FISCAL CONCERNS IN ITALY PUSHING BTP-BUND SPREAD WIDER,,,,,0.006832999999817346
MSG-0408,2025-01-20T17:20:17Z,Sarah Mitchell @ Meridian Markets,broker-chat,"SNB INTERVENTION RUMORS BACK, EURCHF FINDING A FLOOR AROUND 0.93",,,0.93,,0.18066699999996771
MSG-0409,2025-01-20T17:22:55Z,Alex Chen @ Apex Capital,broker-chat,MARKET IS NUTS TODAY... ANYWAY NEED A PRICE ON 50MM UST 10Y,BONDS,UST,,,0.1286249999998823
MSG-0410,2025-01-20T17:24:22Z,David Laurent @ Crescent Capital,broker-chat,I HAVE USDJPY 154.33 / 154.36 LIVE,FX,USDJPY,154.33,,0.02712500000012774
MSG-0411,2025-01-20T17:32:09Z,Priya Sharma @ Eastbridge Partners,broker-chat,"LOOKING FOR A BID ON MSFT BLOCK, ~17K",EQUITY,MSFT,17000.0,,0.04795799999990358
MSG-0412,2025-01-20T17:35:58Z,Sarah Mitchell @ Meridian Markets,internal,"MONTH-END CLOSE PROCESS STARTS AT 17:00 SHARP, ALL BOOKS MUST BE FLAT",,,,,0.006917000000106199
MSG-0413,2025-01-20T17:38:23Z,Priya Sharma @ Eastbridge Partners,sales-desk,SORRY WRONG CHAT!,,,,,0.006792000000199749
MSG-0414,2025-01-20T17:41:47Z,Chris (Middle Office),broker-chat,"AUDIT TEAM REQUESTING TRADE RECORDS FOR Q3, DEADLINE NEXT FRIDAY",,,,,0.17708299999985577
MSG-0415,2025-01-20T17:42:35Z,Alex Chen @ Apex Capital,broker-chat,CAN YOU OFFER UST 2Y? LOOKING FOR 100MM,BONDS,UST,,,0.10387499999997551
MSG-0416,2025-01-20T17:50:40Z,James O'Brien @ Northpoint Securities,broker-chat,"CAN SHOW AMZN AT 212.53, BLOCK OF 73K",EQUITY,AMZN,73000.0,212.53,0.05425000000003344
MSG-0417,2025-01-20T17:53:12Z,David Laurent @ Crescent Capital,broker-chat,GBPUSD 0.9365/0.9367,FX,GBPUSD,0.9365,,0.024249999999836902
MSG-0418,2025-01-20T17:58:41Z,James O'Brien @ Northpoint Securities,broker-chat,I HAVE USDJPY 121.22 / 121.27 LIVE,FX,USDJPY,121.22,,0.026666999999980234
MSG-0419,2025-01-20T18:21:50Z,James O'Brien @ Northpoint Securities,broker-chat,"NEED TO SELL 20M NZDUSD, CAN YOU HELP?",,,20000000.0,,0.1387919999999987
MSG-0420,2025-01-20T18:33:20Z,Priya Sharma @ Eastbridge Partners,broker-chat,JPM OFFERED AT 193.78 FOR 37K SHARES,EQUITY,JPM,37000.0,193.78,0.06858399999987164
MSG-0421,2025-01-20T18:34:51Z,David Laurent @ Crescent Capital,broker-chat,"NEED TO BUY 20M USDCHF, CAN YOU HELP?",FX,USDCHF,20000000.0,,0.025707999999902142
MSG-0422,2025-01-20T18:53:20Z,Lucas Weber @ Titan Brokers,sales-desk,REMIND ME TO TELL YOU ABOUT THE CLIENT DINNER STORY,,,,,0.007042000000012649
MSG-0423,2025-01-20T18:58:11Z,Lucas Weber @ Titan Brokers,broker-chat,EURUSD 0.6831/0.6836,FX,EURUSD,0.6831,,0.021916999999982423
MSG-0424,2025-01-20T19:13:05Z,Priya Sharma @ Eastbridge Partners,broker-chat,CAN YOU OFFER GILT 10Y? LOOKING FOR 10MM,BONDS,GILT,,,0.1087079999999574
MSG-0425,2025-01-20T19:18:49Z,Mike (Sales),broker-chat,PBOC SET TO ANNOUNCE RESERVE REQUIREMENT RATIO CHANGE THIS WEEKEND PER SOURCES,,,,,0.19729199999996005
MSG-0426,2025-01-20T19:23:05Z,James O'Brien @ Northpoint Securities,broker-chat,"BLOTTER RECONCILIATION COMPLETE, 2 UNMATCHED TRADES FLAGGED",,,2.0,,0.1659169999999044
MSG-0427,2025-01-20T19:23:34Z,Tom Richards @ Summit Brokerage,broker-chat,"TRAIN WAS DELAYED, ABSOLUTE NIGHTMARE",,,,,0.1412920000001261
MSG-0428,2025-01-20T19:27:32Z,James O'Brien @ Northpoint Securities,broker-chat,"SPX APPROACHING ALL-TIME HIGHS, RESISTANCE AT 5200",INDICES,SPX,,5200.0,0.09875000000003631
MSG-0429,2025-01-20T19:27:41Z,Lucas Weber @ Titan Brokers,broker-chat,SHOWING BUND 10Y AT 3.124 IN 25MM,BONDS,BUND,,3.124,0.10404200000002639
MSG-0430,2025-01-20T19:36:10Z,James O'Brien @ Northpoint Securities,broker-chat,"BID LIFTED ON THE 10Y, NOW OFFERED AT 4.35. THX FOR LUNCH YESTERDAY BTW",,,,4.35,0.20287500000004677
MSG-0431,2025-01-20T19:44:26Z,Sarah Mitchell @ Meridian Markets,broker-chat,BAC 192.73 BID FOR 36K,,,36000.0,,0.11770799999988313
MSG-0432,2025-01-20T19:44:43Z,James O'Brien @ Northpoint Securities,broker-chat,"CAN SHOW BAC AT 344.37, BLOCK OF 11K",,,11000.0,344.37,0.13883300000006038
MSG-0433,2025-01-20T19:47:46Z,Priya Sharma @ Eastbridge Partners,broker-chat,SHOWING EURUSD AT 1.1951/1.1954 IN 5M,FX,EURUSD,5000000.0,1.1951,0.02250000000003638
MSG-0434,2025-01-20T19:50:05Z,Tom Richards @ Summit Brokerage,broker-chat,USDCHF 1.0371/1.0373,FX,USDCHF,1.0371,,0.029916999999990423
MSG-0435,2025-01-20T19:58:58Z,Emma Fitzgerald @ Pinnacle Markets,broker-chat,EURUSD 0.6843/0.6845,FX,EURUSD,0.6843,,0.020874999999920263
